{
  "collider": {
    "number": 3,
    "size": [
      0.4,
      0.4,
      0.7
    ],
    "center": [
      0.0,
      -0.25,
      -0.75
    ]
  },
  "hit_particle": "epicfight:eviscerate",
  "hit_sound": "cataclysm:remnant_stomp",
  "livingmotion_modifier": {
    "two_hand": {
			"block": "wom:biped/skill/solar_guard",
    		"idle": "epicfight:enderman/rage_idle",
    		"creative_fly": "wom:biped/living/antitheus_ascended_run",
    		"creative_idle": "wom:biped/living/antitheus_ascended_idle",
    		"kneel": "wom:biped/living/torment_berserk_idle",
    		"walk": "epicfight:biped/living/hold_dual",
    		"chase": "wom:biped/living/agony_run",
    		"run": "wom:biped/living/katana_run",
    		"sneak": "wom:biped/living/torment_berserk_idle",
    		"swim": "epicfight:biped/living/hold_dual",
    		"float": "epicfight:biped/living/hold_dual",
    		"fall": "epicfight:biped/living/hold_dual"
    },
    "one_hand": {
      "block": "wom:biped/skill/agony_guard",
    		"idle": "wom:biped/living/torment_berserk_idle",
    		"kneel": "wom:biped/living/torment_berserk_idle",
    		"walk": "wom:biped/living/torment_berserk_idle",
    		"chase": "wom:biped/living/agony_run",
    		"run": "wom:biped/living/herrscher_run",
    		"sneak": "wom:biped/living/torment_berserk_idle",
    		"swim": "wom:biped/living/torment_berserk_idle",
    		"float": "wom:biped/living/torment_berserk_idle",
    		"fall": "wom:biped/living/torment_berserk_idle"
    },
    "ochs": {
			"block": "wom:biped/living/torment_berserk_idle",
    		"creative_fly": "wom:biped/living/antitheus_ascended_run",
    		"creative_idle": "wom:biped/living/crawl",
    		"idle": "wom:biped/living/ruine_boosted_idle",
    		"kneel": "wom:biped/living/torment_berserk_idle",
    		"walk": "wom:biped/living/ruine_boosted_walk",
    		"chase": "wom:biped/living/agony_run",
    		"run": "wom:biped/living/katana_run",
    		"sneak": "wom:biped/living/torment_berserk_idle",
    		"swim": "epicfight:biped/living/hold_dual",
    		"float": "epicfight:biped/living/hold_dual",
    		"fall": "epicfight:biped/living/hold_dual"
    }
  },
  "offhand_item_compatible_predicate": [],
  "swing_sound": "cataclysm:remnant_shockwave",
  "combos": {
    "two_hand": [
			"epicfight:biped/combat/sword_auto3",
			"epicfight:biped/combat/dagger_dual_auto2",
    	        	"wom:biped/combat/torment_dash",
                        "wom:biped/combat/enderblaster_onehand_auto_4",
    	        	"wom:biped/skill/solar_brasero_infierno",
			"wom:biped/skill/torment_berserk_convert",
                        "epicfight:biped/skill/tsunami_reinforced",
    	        	"wom:biped/combat/moonless_auto_3_verso",
    	        	"wom:biped/combat/antitheus_guillotine"
    ],
    "one_hand": [
			"wom:biped/skill/torment_berserk_auto_1",
			"wom:biped/skill/torment_berserk_auto_2",
			"wom:biped/combat/solar_auto_2",
    	        	"wom:biped/combat/herrscher_auto_3",
			"epicfight:biped/combat/uchigatana_auto3",
			"wom:biped/skill/torment_berserk_airslam"
    ],
    "ochs": [
			"wom:biped/skill/torment_berserk_auto_1",
			"epicfight:biped/skill/rushing_tempo1",
			"epicfight:biped/combat/dagger_dual_auto2",
			"epicfight:biped/skill/rushing_tempo2",
    	        	"wom:biped/combat/torment_dash",
    	        	"wom:biped/skill/solar_auto_2_polvora",
    	        	"epicfight:biped/skill/revelation_normal",
                        "wom:biped/combat/enderblaster_onehand_auto_4",
    	        	"wom:biped/skill/solar_brasero_infierno",
			"wom:biped/skill/torment_berserk_convert",
                        "epicfight:biped/skill/tsunami_reinforced",
                        "epicfight:biped/skill/tsunami_reinforced",
                        "epicfight:biped/skill/tsunami_reinforced",
    	        	"wom:biped/combat/herrscher_befreiung",
    	        	"wom:biped/skill/strong_punch"
    ]
  },
  "styles": {
    "default": "one_hand",
    "cases": [
      {
        "style": "ochs",
        "conditions": [
          {
            "predicate": "epicfight:skill_active",
            "skill": "epicfight:liechtenauer"
          }
        ]
      },
      {
        "style": "two_hand",
        "conditions": [
          {
            "predicate": "epicfight:offhand_item_category",
            "category": "uchigatana"
          }
        ]
      }
    ]
  },
  "category": "uchigatana",
  "innate_skills": {
    "two_hand": "epicfight:liechtenauer",
    "ochs": "epicfight:liechtenauer",
    "one_hand": "epicfight:steel_whirlwind"
  }
}