{
  "collider": {
    "number": 3,
    "size": [
      0.5,
      0.7,
      0.5
    ],
    "center": [
      0.0,
      0.0,
      -0.35
    ]
  },
  "hit_particle": "epicfight:blade_rush",
  "hit_sound": "cataclysm:remnant_stomp",
  "livingmotion_modifier": {
    "two_hand": {
		"aim": "wom:biped/skill/herrscher_guard",
    		"idle": "wom:biped/living/enderblaster_twohand_idle",
    		"walk": "wom:biped/living/enderblaster_twohand_idle",
    		"kneel": "wom:biped/living/torment_idle",
    		"chase": "wom:biped/living/agony_run",
    		"run": "wom:biped/living/katana_run",
    		"sneak": "wom:biped/living/torment_berserk_idle",
    		"swim": "epicfight:biped/living/hold_dual",
    		"float": "epicfight:biped/living/hold_dual",
    		"fall": "epicfight:biped/living/hold_dual"
    },
    "one_hand": {
			"aim": "wom:biped/skill/moonless_guard",
    		"idle": "wom:biped/living/enderblaster_onehand_walk",
    		"kneel": "epicfight:biped/living/kneel",
    		"walk": "wom:biped/living/enderblaster_onehand_walk",
    		"chase": "wom:biped/living/herrscher_run",
    		"run": "wom:biped/living/herrscher_run",
    		"sneak": "epicfight:biped/living/kneel",
    		"swim": "epicfight:biped/living/hold_dual",
    		"float": "epicfight:biped/living/hold_dual",
    		"fall": "epicfight:biped/living/hold_dual"
    },
    "ochs": {
			"block": "wom:biped/living/torment_berserk_idle",
    		"idle": "wom:biped/living/ruine_boosted_idle",
    		"kneel": "wom:biped/living/torment_idle",
    		"walk": "wom:biped/living/ruine_boosted_walk",
    		"chase": "wom:biped/living/agony_run",
    		"run": "wom:biped/living/katana_run",
    		"sneak": "wom:biped/living/torment_berserk_idle",
    		"swim": "epicfight:biped/living/hold_dual",
    		"float": "epicfight:biped/living/hold_dual",
    		"fall": "epicfight:biped/living/hold_dual"
    }
  },
  "offhand_item_compatible_predicate": [],
  "swing_sound": "cataclysm:remnant_charge_step",
  "combos": {
    "two_hand": [
    	        	"wom:biped/skill/strong_punch",
    	        	"epicfight:biped/combat/fist_auto2",
			"epicfight:biped/combat/sword_dual_auto2",
			"epicfight:biped/combat/sword_auto3",
    	        	"wom:biped/combat/torment_dash",
                        "wom:biped/skill/gezets_auto_1",
    	        	"epicfight:biped/combat/fist_auto2",
    	        	"wom:biped/combat/herrscher_auto_3",
			"wom:biped/skill/torment_berserk_convert",
    	        	"wom:biped/combat/herrscher_befreiung",
                        "epicfight:biped/skill/tsunami_reinforced",
    	        	"wom:biped/combat/agony_clawstrike",
			"wom:biped/combat/katana_tsukuyomi"
    ],
    "one_hand": [
			"wom:biped/skill/torment_berserk_auto_1",
			"wom:biped/skill/torment_berserk_auto_2",
    	        	"epicfight:biped/combat/fist_airslash",
			"wom:biped/combat/moonless_auto_1",
     	        	"epicfight:biped/combat/fist_auto2",
    	        	"epicfight:biped/combat/fist_airslash",
    	        	"wom:biped/skill/kick",
                        "wom:biped/combat/herrscher_befreiung",
    	        	"wom:biped/combat/moonless_auto_1",
    	        	"wom:biped/combat/moonless_crescent",
    	        	"wom:biped/combat/agony_clawstrike",
			"wom:biped/combat/torment_airslam"
    ],
    "ochs": [
    	        	"wom:biped/skill/strong_punch",
    	        	"epicfight:biped/combat/fist_airslash",
                        "wom:biped/combat/solar_auto_2",
                        "wom:biped/skill/gezets_auto_1",
    	        	"wom:biped/combat/herrscher_auto_3",
			"wom:biped/skill/torment_berserk_convert",
    	        	"wom:biped/combat/agony_clawstrike",
    	        	"wom:biped/skill/agony_rising_eagle",
			"wom:biped/combat/torment_charged_attack_3",
    	        	"wom:biped/skill/solar_brasero_infierno",
    	        	"wom:biped/combat/herrscher_befreiung",
                        "epicfight:biped/skill/tsunami_reinforced"
    ],
    	"mount":
    	[
                        "epicfight:biped/skill/tsunami_reinforced"
    	]
  },
  "styles": {
    "default": "one_hand",
    "cases": [
      {
        "style": "ochs",
        "conditions": [
          {
            "predicate": "epicfight:skill_active",
            "skill": "epicfight:liechtenauer"
          }
        ]
      },
      {
        "style": "two_hand",
        "conditions": [
          {
            "predicate": "epicfight:offhand_item_category",
            "category": "longsword"
          }
        ]
      }
    ]
  },
  "category": "longsword",
  "innate_skills": {
    "two_hand": "epicfight:liechtenauer",
    "ochs": "epicfight:liechtenauer",
    "one_hand": "wom:ender_blast"
  }
}