{
  "collider": {
    "number": 3,
    "size": [
      0.5,
      0.5,
      0.5
    ],
    "center": [
      0.0,
      0.0,
      -0.35
    ]
  },
  "hit_particle": "wom:enderbullet_blast_hit",
  "hit_sound": "cataclysm:enderguardianattack",
  "livingmotion_modifier": {
    "two_hand": {
			"block": "epicfight:biped/skill/guard_spear",
    		"idle": "epicfight:biped/living/hold_dual",
    		"kneel": "epicfight:biped/living/kneel",
    		"walk": "epicfight:biped/living/hold_dual",
    		"chase": "wom:biped/living/herrscher_run",
    		"run": "epicfight:biped/living/run_dual",
    		"sneak": "epicfight:biped/living/kneel",
    		"swim": "epicfight:biped/living/hold_dual",
    		"float": "epicfight:biped/living/hold_dual",
    		"fall": "epicfight:biped/living/hold_dual"
    },
    "one_hand": {
			"block": "wom:biped/skill/moonless_guard",
    		"idle": "wom:biped/living/staff_idle",
    		"kneel": "epicfight:biped/living/kneel",
    		"walk": "wom:biped/living/enderblaster_onehand_walk",
    		"chase": "wom:biped/living/herrscher_run",
    		"run": "wom:biped/living/herrscher_run",
    		"sneak": "epicfight:biped/living/kneel",
    		"swim": "epicfight:biped/living/hold_dual",
    		"float": "epicfight:biped/living/hold_dual",
    		"fall": "epicfight:biped/living/hold_dual"
    }
  },
  "offhand_item_compatible_predicate": [],
  "swing_sound": "cataclysm:enderguardianhurt",
  "combos": {
    "two_hand": [
    	        	"wom:biped/skill/strong_punch",
    	        	"epicfight:biped/combat/fist_airslash",
     	        	"epicfight:biped/combat/fist_auto1",
    	        	"epicfight:biped/combat/fist_auto1",
    	        	"epicfight:biped/combat/fist_dash",
    	        	"wom:biped/skill/kick",
                        "wom:biped/combat/herrscher_befreiung",
	        	"epicfight:biped/skill/everlasting_allegiance_call",
	        	"epicfight:biped/skill/everlasting_allegiance_catch",
                        "wom:biped/combat/enderblaster_onehand_auto_4",
    	        	"wom:biped/combat/moonless_auto_3_verso",
    	        	"wom:biped/combat/moonless_auto_3"
    ],
    "one_hand": [
    	        	"epicfight:biped/combat/fist_airslash",
			"epicfight:biped/skill/revelation_twohand",
     	        	"epicfight:biped/combat/fist_auto2",
    	        	"epicfight:biped/combat/fist_auto2",
    	        	"epicfight:biped/combat/fist_dash",
    	        	"wom:biped/skill/kick",
                        "wom:biped/combat/herrscher_befreiung",
    	        	"wom:biped/combat/moonless_auto_1",
    	        	"wom:biped/combat/moonless_crescent",
    	        	"wom:biped/combat/moonless_auto_3_verso",
    	        	"wom:biped/combat/moonless_auto_3"
    ],
    	"mount":
    	[
                "wom:biped/combat/torment_auto_2"
    	]
  },
  "styles": {
    "default": "one_hand",
    "cases": [
      {
        "style": "two_hand",
        "conditions": [
          {
            "predicate": "epicfight:offhand_item_category",
            "category": "longsword"
          }
        ]
      }
    ]
  },
  "category": "longsword",
  "innate_skills": {
    "two_hand": "wom:plunder_perdition",
    "one_hand": "wom:plunder_perdition"
  }
}