{
  "collider": {
    "number": 3,
    "size": [
      0.4,
      0.4,
      0.7
    ],
    "center": [
      0.0,
      -0.25,
      -0.75
    ]
  },
  "hit_particle": "wom:antitheus_punch_hit",
  "hit_sound": "cataclysm:harbinger_hurt",
  "livingmotion_modifier": {
    "two_hand": {
		"aim": "wom:biped/skill/enderblaster_onehand_aiming",
    		"idle": "wom:biped/living/enderblaster_twohand_idle",
    		"walk": "wom:biped/living/enderblaster_twohand_idle",
    		"kneel": "wom:biped/living/torment_berserk_idle",
    		"chase": "wom:biped/living/agony_run",
    		"run": "wom:biped/living/herrscher_run",
    		"sneak": "wom:biped/living/torment_berserk_idle",
    		"swim": "wom:biped/living/enderblaster_twohand_idle",
    		"float": "wom:biped/living/torment_berserk_idle",
    		"fall": "wom:biped/living/torment_berserk_idle"
    },
    "one_hand": {
		"aim": "wom:biped/skill/enderblaster_onehand_aiming",
    		"idle": "epicfight:biped/living/hold_crossbow",
    		"kneel": "epicfight:biped/living/hold_crossbow",
    		"walk": "wom:biped/living/agony_idle",
    		"chase": "epicfight:biped/living/run_longsword",
    		"run": "epicfight:biped/living/hold_crossbow",
    		"sneak": "epicfight:biped/living/hold_crossbow",
    		"swim": "epicfight:biped/living/hold_longsword",
    		"float": "epicfight:biped/living/hold_crossbow",
    		"fall": "epicfight:biped/living/hold_longsword"
    }
  },
  "offhand_item_compatible_predicate": [],
  "swing_sound": "cataclysm:harbinger_prepare",
  "combos": {
    "two_hand": [
			"epicfight:biped/combat/sword_dual_auto3",
			"epicfight:biped/skill/revelation_normal",
                        "wom:biped/combat/enderblaster_onehand_auto_4",
      	        	"wom:biped/skill/enderblaster_onehand_shoot_1",
    	        	"wom:biped/skill/antitheus_shoot",
    	        	"wom:biped/skill/antitheus_shoot",
    	        	"wom:biped/skill/antitheus_shoot",
	        	"epicfight:biped/skill/everlasting_allegiance_call",
	        	"epicfight:biped/skill/everlasting_allegiance_catch",
    	        	"wom:biped/skill/enderblaster_twohand_shoot_4",
    	        	"wom:biped/skill/enderblaster_twohand_shoot_4",
    	        	"wom:biped/skill/enderblaster_twohand_shoot_4",
			"epicfight:biped/skill/guard_break1",
			"epicfight:biped/combat/sword_dual_dash",
    	        	"wom:biped/skill/enderblaster_twohand_airshoot"
    ],
    "one_hand": [
			"epicfight:enderman/tp_kick2",
			"wom:biped/skill/ruine_counterattack",
			"epicfight:biped/skill/revelation_twohand",
                        "wom:biped/combat/enderblaster_onehand_auto_4",
      	        	"wom:biped/skill/enderblaster_onehand_shoot_2",
      	        	"wom:biped/skill/enderblaster_onehand_shoot_1",
	        	"epicfight:biped/skill/everlasting_allegiance_call",
	        	"epicfight:biped/skill/everlasting_allegiance_catch",
    	        	"wom:biped/skill/enderblaster_onehand_shoot_3",
    	        	"wom:biped/skill/enderblaster_onehand_shoot_3",
    	        	"wom:biped/skill/enderblaster_onehand_shoot_3",
			"epicfight:biped/skill/guard_break1",
			"wom:biped/combat/agony_clawstrike",
    	        	"wom:biped/skill/enderblaster_onehand_airshoot"
    ]
  },
  "styles": {
    "default": "one_hand",
    "cases": [
      {
        "style": "two_hand",
        "conditions": [
          {
            "predicate": "epicfight:offhand_item_category",
            "category": "greatsword"
          }
        ]
      }
    ]
  },
  "category": "greatsword",
  "innate_skills": {
    "two_hand": "wom:agony_plunge",
    "one_hand": "wom:agony_plunge"
  }
}