{
  "collider": {
    "number": 3,
    "size": [
      0.5,
      0.5,
      0.5
    ],
    "center": [
      0.0,
      0.0,
      -0.35
    ]
  },
  "hit_particle": "wom:solar_hit",
  "hit_sound": "minecraft:block.anvil.land",
  "livingmotion_modifier": {
    "two_hand": {
		"aim": "epicfight:biped/living/shield",
		"shot": "epicfight:biped/combat/greatsword_dash",
    		"idle": "wom:biped/living/enderblaster_twohand_idle",
    		"walk": "wom:biped/living/enderblaster_twohand_idle",
    		"kneel": "wom:biped/living/enderblaster_twohand_idle",
    		"chase": "wom:biped/living/agony_run",
    		"run": "wom:biped/living/herrscher_run",
    		"sneak": "wom:biped/living/enderblaster_twohand_idle",
    		"swim": "wom:biped/living/enderblaster_twohand_idle",
    		"float": "wom:biped/living/enderblaster_twohand_idle",
    		"fall": "wom:biped/living/enderblaster_twohand_idle"
    },
    "one_hand": {
		"aim": "wom:biped/skill/herrscher_guard",
		"shot": "epicfight:biped/combat/longsword_auto2",
    		"idle": "wom:biped/living/enderblaster_twohand_idle",
    		"walk": "wom:biped/living/enderblaster_twohand_idle",
    		"kneel": "wom:biped/living/enderblaster_twohand_idle",
    		"chase": "wom:biped/living/agony_run",
    		"run": "wom:biped/living/herrscher_run",
    		"sneak": "wom:biped/living/enderblaster_twohand_idle",
    		"swim": "wom:biped/living/enderblaster_twohand_idle",
    		"float": "wom:biped/living/enderblaster_twohand_idle",
    		"fall": "wom:biped/living/enderblaster_twohand_idle"
    }
  },
  "offhand_item_compatible_predicate": [],
  "swing_sound": "epicfight:entity.weapon.whoosh_hard",
  "combos": {
    "two_hand": [
			"epicfight:biped/combat/longsword_dash",
			"epicfight:biped/combat/longsword_auto1",
    	        	"wom:biped/skill/solar_brasero_infierno",
			"wom:biped/skill/katana_fatal_draw",
			"wom:biped/skill/ruine_counterattack",
    	        	"epicfight:biped/combat/trident_auto3"
    ],
    "one_hand": [
			"epicfight:biped/combat/longsword_auto1",
                        "wom:biped/skill/gezets_auto_1",
    	        	"wom:biped/skill/solar_auto_1_polvora",
                        "wom:biped/skill/gezets_auto_2",
			"epicfight:biped/combat/longsword_auto2",
    	        	"wom:biped/skill/solar_brasero_infierno",
                        "wom:biped/combat/enderblaster_onehand_auto_4",
			"wom:biped/skill/ruine_counterattack",
                        "wom:biped/skill/gezets_auto_2"
    ]
  },
  "styles": {
    "default": "two_hand",
    "cases": [
      {
        "style": "one_hand",
        "conditions": [
          {
            "predicate": "epicfight:offhand_item_category",
            "category": "shield"
          }
        ]
      }
    ]
  },
  "category": "shield",
  "innate_skills": {
    "two_hand": "epicfight:liechtenauer",
    "one_hand": "epicfight:liechtenauer"
  }
}