{
  "collider": {
    "number": 3,
    "size": [
      0.7,
      0.7,
      2.5
    ],
    "center": [
      0.0,
      0.0,
      -0.5
    ]
  },
  "hit_particle": "wom:solar_hit",
  "hit_sound": "cataclysm:ignis_impact",
  "livingmotion_modifier": {
    "two_hand": {
		"aim": "epicfight:biped/living/shield",
		"shot": "epicfight:biped/combat/greatsword_dash",
    		"idle": "wom:biped/living/enderblaster_twohand_idle",
    		"walk": "wom:biped/living/enderblaster_twohand_idle",
    		"kneel": "wom:biped/living/enderblaster_twohand_idle",
    		"chase": "wom:biped/living/agony_run",
    		"run": "wom:biped/living/herrscher_run",
    		"sneak": "wom:biped/living/enderblaster_twohand_idle",
    		"swim": "wom:biped/living/enderblaster_twohand_idle",
    		"float": "wom:biped/living/enderblaster_twohand_idle",
    		"fall": "wom:biped/living/enderblaster_twohand_idle"
    },
    "one_hand": {
		"aim": "wom:biped/skill/herrscher_guard",
		"shot": "epicfight:biped/combat/longsword_auto2",
    		"idle": "wom:biped/living/enderblaster_twohand_idle",
    		"walk": "wom:biped/living/enderblaster_twohand_idle",
    		"kneel": "wom:biped/living/enderblaster_twohand_idle",
    		"chase": "wom:biped/living/agony_run",
    		"run": "wom:biped/living/herrscher_run",
    		"sneak": "wom:biped/living/enderblaster_twohand_idle",
    		"swim": "wom:biped/living/enderblaster_twohand_idle",
    		"float": "wom:biped/living/enderblaster_twohand_idle",
    		"fall": "wom:biped/living/enderblaster_twohand_idle"
    },
    "ochs": {
		"aim": "epicfight:biped/living/shield",
		"shot": "epicfight:biped/combat/greatsword_dash",
    		"idle": "wom:biped/living/ruine_idle",
    		"walk": "wom:biped/living/ruine_walk",
    		"kneel": "wom:biped/living/enderblaster_twohand_idle",
    		"chase": "wom:biped/living/agony_run",
    		"run": "wom:biped/living/herrscher_run",
    		"sneak": "wom:biped/living/enderblaster_twohand_idle",
    		"swim": "wom:biped/living/ruine_idle",
    		"float": "wom:biped/living/ruine_idle",
    		"fall": "wom:biped/living/ruine_idle"
    }
  },
  "offhand_item_compatible_predicate": [],
  "swing_sound": "cataclysm:ignis_poke",
  "combos": {
    "one_hand": [
			"epicfight:biped/combat/sword_auto2",
			"epicfight:biped/combat/sword_auto3",
    	        	"wom:biped/combat/solar_obscuridad_auto_1",
    	        	"wom:biped/skill/strong_punch",
                        "wom:biped/skill/gezets_auto_1",
                        "wom:biped/skill/gezets_auto_2",
			"epicfight:biped/combat/longsword_dash",
			"epicfight:biped/combat/spear_dash",
			"wom:biped/combat/ruine_auto_4",
    	        	"wom:biped/combat/solar_obscuridad_auto_2",
                        "wom:biped/skill/gezets_sprengkopf"
    ],
    "two_hand": [
			"epicfight:biped/combat/sword_auto2",
			"epicfight:biped/combat/sword_auto3",
    	        	"wom:biped/combat/solar_obscuridad_auto_1",
    	        	"wom:biped/skill/strong_punch",
                        "wom:biped/skill/gezets_auto_2",
			"epicfight:biped/combat/longsword_auto1",
    	        	"wom:biped/skill/solar_auto_4_polvora",
			"epicfight:biped/combat/sword_auto1",
    	        	"wom:biped/combat/solar_obscuridad_auto_4",
    	        	"wom:biped/combat/solar_obscuridad_auto_2",
    	        	"wom:biped/combat/solar_obscuridad_dinamita"
    ],
    "ochs": [
			"epicfight:biped/combat/tachi_auto1",
			"epicfight:biped/combat/sword_auto4",
			"epicfight:biped/combat/greatsword_airslash",
			"epicfight:biped/skill/rushing_tempo1",
    	        	"wom:biped/skill/strong_punch",
                        "wom:biped/skill/gezets_auto_2",
    	        	"wom:biped/combat/solar_obscuridad_auto_1",
			"epicfight:biped/combat/sword_auto3",
			"epicfight:biped/skill/sweeping_edge",
                        "wom:biped/skill/solar_brasero_obscuridad",
    	        	"wom:biped/combat/solar_obscuridad_auto_2",
    	        	"wom:biped/combat/solar_obscuridad_dinamita"
    ]
  },
  "styles": {
    "default": "two_hand",
    "cases": [
      {
        "style": "ochs",
        "conditions": [
          {
            "predicate": "epicfight:skill_active",
            "skill": "epicfight:liechtenauer"
          }
        ]
      },
      {
        "style": "one_hand",
        "conditions": [
          {
            "predicate": "epicfight:offhand_item_category",
            "category": "shield"
          }
        ]
      }
    ]
  },
  "category": "longsword",
  "innate_skills": {
    "two_hand": "epicfight:liechtenauer",
    "one_hand": "wom:agony_plunge",
    "ochs": "epicfight:liechtenauer"
  }
}