{
  "collider": {
    "number": 3,
    "size": [
      0.4,
      0.4,
      0.7
    ],
    "center": [
      0.0,
      -0.25,
      -0.75
    ]
  },
  "hit_particle": "epicfight:cut",
  "hit_sound": "epicfight:entity.hit.blade",
  "livingmotion_modifier": {
    "two_hand": {
		"block": "wom:biped/skill/herrscher_guard",
    		"idle": "wom:biped/living/enderblaster_twohand_idle",
    		"walk": "wom:biped/living/enderblaster_twohand_idle",
    		"kneel": "wom:biped/living/enderblaster_twohand_idle",
    		"chase": "wom:biped/living/agony_run",
    		"run": "wom:biped/living/herrscher_run",
    		"sneak": "wom:biped/living/enderblaster_twohand_idle",
    		"swim": "wom:biped/living/enderblaster_twohand_idle",
    		"float": "wom:biped/living/enderblaster_twohand_idle",
    		"fall": "wom:biped/living/enderblaster_twohand_idle"
    },
    "one_hand": {
		"block": "epicfight:biped/living/hold_liechtenauer",
    		"idle": "wom:biped/living/herrscher_idle",
    		"walk": "wom:biped/living/herrscher_walk",
    		"kneel": "wom:biped/living/herrscher_idle",
    		"chase": "wom:biped/living/agony_run",
    		"run": "wom:biped/living/herrscher_run",
    		"sneak": "wom:biped/living/enderblaster_twohand_idle",
    		"swim": "wom:biped/living/enderblaster_twohand_idle",
    		"float": "wom:biped/living/enderblaster_twohand_idle",
    		"fall": "wom:biped/living/enderblaster_twohand_idle"
    },
    "ochs": {
		"block": "wom:biped/skill/herrscher_guard",
    		"idle": "epicfight:enderman/rage_idle",
    		"kneel": "wom:biped/living/torment_berserk_idle",
    		"walk": "epicfight:biped/living/hold_dual",
    		"chase": "wom:biped/living/agony_run",
    		"run": "wom:biped/living/agony_run",
    		"sneak": "wom:biped/living/torment_berserk_idle",
    		"swim": "epicfight:biped/living/hold_dual",
    		"float": "epicfight:biped/living/hold_dual",
    		"fall": "epicfight:biped/living/hold_dual"
    }
  },
  "offhand_item_compatible_predicate": [],
  "swing_sound": "cataclysm:swingattack",
  "combos": {
    "one_hand": [
			"epicfight:biped/combat/longsword_auto1",
			"epicfight:biped/combat/sword_auto2",
			"epicfight:biped/combat/longsword_liechtenauer_auto1",
    	        	"epicfight:biped/skill/revelation_twohand",
			"epicfight:enderman/tp_kick2",
			"epicfight:biped/combat/dagger_auto2",
    	        	"epicfight:biped/combat/dagger_auto3",
    	        	"wom:biped/combat/herrscher_auto_3",
			"epicfight:biped/combat/mob_spear_twohand3",
    	        	"epicfight:biped/combat/trident_auto2"
    ],
    "two_hand": [
			"epicfight:biped/combat/longsword_auto1",
			"epicfight:biped/combat/sword_auto2",
    	        	"epicfight:biped/skill/sharp_stab",
    	        	"epicfight:biped/combat/trident_auto2",
    	        	"epicfight:biped/skill/revelation_twohand",
                        "wom:biped/skill/gezets_auto_1",
                        "wom:biped/skill/gezets_auto_2",
			"epicfight:biped/combat/longsword_dash",
    	        	"wom:biped/combat/herrscher_auto_3",
			"epicfight:biped/combat/dagger_dash",
    	        	"epicfight:biped/combat/axe_airslash"
    ],
    "ochs": [
			"epicfight:biped/combat/dagger_dash",
    	        	"wom:biped/skill/strong_punch",
			"epicfight:biped/combat/longsword_auto1",
			"epicfight:biped/combat/sword_auto4",
			"epicfight:illager/swing_axe1",
                        "wom:biped/skill/gezets_auto_1",
                        "wom:biped/skill/gezets_auto_2",
			"epicfight:biped/combat/longsword_dash",
			"epicfight:biped/skill/rushing_tempo2",
    	        	"wom:biped/combat/herrscher_auto_3",
			"epicfight:biped/combat/greatsword_airslash",
			"epicfight:biped/skill/blade_rush_combo3"
    ]
  },
  "styles": {
    "default": "one_hand",
    "cases": [
      {
        "style": "ochs",
        "conditions": [
          {
            "predicate": "epicfight:skill_active",
            "skill": "epicfight:liechtenauer"
          }
        ]
      },
      {
        "style": "two_hand",
        "conditions": [
          {
            "predicate": "epicfight:offhand_item_category",
            "category": "shield"
          }
        ]
      }
    ]
  },
  "category": "longsword",
  "innate_skills": {
    "two_hand": "epicfight:liechtenauer",
    "one_hand": "epicfight:sweeping_edge",
    "ochs": "epicfight:liechtenauer"
  }
}