{
  "collider": {
    "number": 3,
    "size": [
      0.5,
      0.5,
      1.5
    ],
    "center": [
      0.0,
      0.0,
      -0.35
    ]
  },
  "hit_particle": "wom:enderbullet_blast_hit",
  "hit_sound": "cataclysm:leviathan_tentacle_strike",
  "livingmotion_modifier": {
    "two_hand": {
			"block": "epicfight:biped/skill/guard_dualsword",
    		"idle": "wom:biped/living/staff_idle",
    		"kneel": "epicfight:biped/living/kneel",
    		"walk": "epicfight:biped/living/hold_dual",
    		"chase": "wom:biped/living/herrscher_run",
    		"run": "epicfight:biped/living/run_dual",
    		"sneak": "epicfight:biped/living/kneel",
    		"swim": "epicfight:biped/living/hold_dual",
    		"float": "epicfight:biped/living/hold_dual",
    		"fall": "epicfight:biped/living/hold_dual"
    },
    "one_hand": {
			"block": "wom:biped/skill/moonless_guard",
    		"idle": "wom:biped/living/staff_idle",
    		"kneel": "epicfight:biped/living/kneel",
    		"walk": "wom:biped/living/enderblaster_onehand_walk",
    		"chase": "wom:biped/living/herrscher_run",
    		"run": "wom:biped/living/herrscher_run",
    		"sneak": "epicfight:biped/living/kneel",
    		"swim": "epicfight:biped/living/hold_dual",
    		"float": "epicfight:biped/living/hold_dual",
    		"fall": "epicfight:biped/living/hold_dual"
    }
  },
  "offhand_item_compatible_predicate": [],
  "swing_sound": "cataclysm:leviathan_bite",
  "combos": {
    "two_hand": [
			"epicfight:biped/combat/sword_auto1",
			"epicfight:biped/combat/dagger_dual_auto2",
			"epicfight:biped/combat/dagger_dual_auto4",
			"wom:biped/skill/torment_berserk_convert",
			"epicfight:biped/combat/sword_dual_dash",
			"epicfight:enderman/grasp",
			"epicfight:biped/combat/dagger_dual_auto2",
			"epicfight:biped/combat/sword_auto3",
			"epicfight:biped/combat/dagger_dual_auto2",
			"epicfight:biped/combat/sword_auto3",
                        "wom:biped/combat/enderblaster_onehand_auto_4",
    	        	"wom:biped/combat/moonless_auto_2_verso",
                        "wom:biped/combat/enderblaster_onehand_jumpkick"
    ],
    "one_hand": [
			"epicfight:biped/combat/sword_auto1",
			"epicfight:biped/combat/sword_auto2",
    	        	"wom:biped/combat/moonless_auto_2",
    	        	"wom:biped/combat/moonless_crescent",
    	        	"wom:biped/skill/solar_auto_2_polvora",
			"wom:biped/skill/torment_berserk_convert",
    	        	"wom:biped/combat/moonless_auto_3",
    	        	"wom:biped/combat/moonless_auto_3_verso",
    	        	"wom:biped/skill/enderblaster_onehand_shoot_3",
    	        	"wom:biped/combat/moonless_auto_3_verso",
    	        	"wom:biped/combat/moonless_auto_2"	
    ],
    	"mount":
    	[
                "wom:biped/combat/torment_auto_2"
    	]
  },
  "styles": {
    "default": "one_hand",
    "cases": [
      {
        "style": "two_hand",
        "conditions": [
          {
            "predicate": "epicfight:offhand_item_category",
            "category": "longsword"
          }
        ]
      }
    ]
  },
  "category": "longsword",
  "innate_skills": {
    "two_hand": "wom:ender_fusion",
    "one_hand": "epicfight:tsunami"
  }
}