{
  "collider": {
    "number": 3,
    "size": [
      0.4,
      0.5,
      1.2
    ],
    "center": [
      0.0,
      -0.25,
      -0.75
    ]
  },
  "hit_particle": "wom:solar_obscuridad_polvora_hit",
  "hit_sound": "cataclysm:enderguardianattack",
  "livingmotion_modifier": {
    "two_hand": {
			"aim": "epicfight:biped/skill/guard_dualsword",
    		"idle": "epicfight:biped/living/hold_dual",
    		"kneel": "epicfight:biped/living/hold_dual",
    		"walk": "epicfight:biped/living/hold_dual",
    		"chase": "epicfight:biped/living/hold_dual",
    		"run": "epicfight:biped/living/hold_dual",
    		"sneak": "epicfight:biped/living/hold_dual",
    		"swim": "epicfight:biped/living/hold_dual",
    		"float": "epicfight:biped/living/hold_dual",
    		"fall": "epicfight:biped/living/hold_dual"
    },
    "one_hand": {
			"aim": "epicfight:biped/skill/guard_sword",
    		"idle": "wom:biped/living/herrscher_idle",
    		"kneel": "wom:biped/living/herrscher_idle",
    		"walk": "wom:biped/living/herrscher_walk",
    		"chase": "epicfight:biped/living/hold_dual",
    		"run": "wom:biped/living/herrscher_run",
    		"sneak": "epicfight:biped/living/hold_dual",
    		"swim": "epicfight:biped/living/hold_dual",
    		"float": "epicfight:biped/living/hold_dual",
    		"fall": "epicfight:biped/living/hold_dual"
    },
    "ochs": {
		"aim": "wom:biped/skill/solar_guard",
    		"idle": "wom:biped/living/torment_berserk_idle",
    		"walk": "wom:biped/living/torment_berserk_walk",
    		"kneel": "wom:biped/living/torment_berserk_idle",
    		"chase": "wom:biped/living/agony_run",
    		"run": "wom:biped/living/torment_berserk_run",
    		"sneak": "wom:biped/living/torment_berserk_idle",
    		"swim": "wom:biped/living/torment_berserk_idle",
    		"float": "wom:biped/living/torment_berserk_idle",
    		"fall": "wom:biped/living/torment_berserk_idle"
    }
  },
  "offhand_item_compatible_predicate": [],
  "swing_sound": "cataclysm:maledictus_mace_swing",
  "combos": {
    "two_hand": [
			"epicfight:biped/combat/dagger_dual_auto2",
                        "wom:biped/skill/gezets_auto_2",
			"epicfight:biped/combat/sword_auto2",
                        "wom:biped/combat/herrscher_befreiung",
    	        	"wom:biped/combat/solar_obscuridad_auto_4",
    	        	"wom:biped/combat/herrscher_auto_3",
			"epicfight:biped/combat/greatsword_airslash",
			"epicfight:biped/combat/dagger_dual_auto4",
			"epicfight:biped/combat/mob_sword_dual3",
    	        	"wom:biped/skill/solar_auto_4_polvora",
                        "wom:biped/skill/solar_brasero_obscuridad",
			"epicfight:biped/combat/mob_sword_dual3",
    	        	"wom:biped/combat/solar_obscuridad_dinamita"
    ],
    "one_hand": [
			"epicfight:biped/combat/sword_auto2",
			"epicfight:biped/combat/sword_auto3",
    	        	"wom:biped/combat/solar_obscuridad_auto_1",
			"wom:biped/combat/herrscher_befreiung",
    	        	"wom:biped/combat/solar_obscuridad_auto_4",
			"epicfight:biped/combat/longsword_dash",
			"epicfight:biped/combat/spear_dash",
    	        	"wom:biped/skill/solar_auto_4_polvora",
    	        	"wom:biped/combat/solar_obscuridad_auto_2",
			"epicfight:biped/combat/greatsword_airslash"
    ],
    "ochs": [
			"epicfight:biped/combat/tachi_auto1",
			"epicfight:biped/combat/sword_auto4",
			"epicfight:biped/combat/greatsword_airslash",
			"epicfight:biped/skill/rushing_tempo1",
    	        	"wom:biped/combat/solar_obscuridad_auto_1",
			"epicfight:biped/combat/sword_auto3",
    	        	"wom:biped/skill/strong_punch",
    	        	"wom:biped/combat/agony_clawstrike",
    	        	"wom:biped/skill/agony_rising_eagle",
			"wom:biped/combat/katana_tsukuyomi",
    	        	"wom:biped/combat/solar_obscuridad_auto_2",
    	        	"wom:biped/combat/solar_obscuridad_dinamita"
    ]
  },
  "styles": {
    "default": "one_hand",
    "cases": [
      {
        "style": "ochs",
        "conditions": [
          {
            "predicate": "epicfight:skill_active",
            "skill": "epicfight:liechtenauer"
          }
        ]
      },
      {
        "style": "two_hand",
        "conditions": [
          {
            "predicate": "epicfight:offhand_item_category",
            "category": "sword"
          }
        ]
      }
    ]
  },
  "category": "sword",
  "innate_skills": {
    "two_hand": "wom:agony_plunge",
    "one_hand": "epicfight:liechtenauer",
    "ochs": "epicfight:liechtenauer"
  }
}