{
  "collider": {
    "number": 3,
    "size": [
      0.4,
      0.4,
      1.6
    ],
    "center": [
      0.0,
      0.0,
      -0.35
    ]
  },
  "hit_particle": "epicfight:cut",
  "hit_sound": "epicfight:entity.hit.blade",
  "livingmotion_modifier": {
    "two_hand": {
		"aim": "epicfight:biped/combat/javelin_aim_mid",
    		"idle": "epicfight:biped/living/hold_spear",
    		"kneel": "epicfight:biped/living/hold_spear",
    		"walk": "epicfight:biped/living/walk_spear",
    		"chase": "epicfight:biped/living/run_spear",
    		"run": "epicfight:biped/living/run_spear",
    		"sneak": "epicfight:biped/living/hold_spear",
    		"swim": "epicfight:biped/living/hold_spear",
    		"float": "epicfight:biped/living/hold_spear",
    		"fall": "epicfight:biped/living/hold_spear"
    },
    "one_hand": {
		"aim": "epicfight:biped/combat/javelin_aim_mid",
    		"idle": "wom:biped/living/enderblaster_twohand_idle",
    		"kneel": "wom:biped/living/enderblaster_twohand_idle",
    		"walk": "wom:biped/living/staff_idle",
    		"chase": "wom:biped/living/agony_run",
    		"run": "wom:biped/living/herrscher_run",
    		"sneak": "wom:biped/living/enderblaster_twohand_idle",
    		"swim": "wom:biped/living/enderblaster_twohand_idle",
    		"float": "wom:biped/living/enderblaster_twohand_idle",
    		"fall": "wom:biped/living/enderblaster_twohand_idle"
    }
  },
  "offhand_item_compatible_predicate": [],
  "swing_sound": "cataclysm:axe_swing",
  "combos": {
    "two_hand": [
			"epicfight:biped/combat/spear_twohand_auto1",
			"epicfight:biped/combat/spear_twohand_auto2",
    	        	"wom:biped/combat/solar_obscuridad_auto_1",
			"epicfight:biped/combat/mob_spear_twohand3",
    	        	"wom:biped/skill/strong_punch",
			"wom:biped/combat/agony_auto_2",
			"wom:biped/skill/agony_sky_dive",
			"epicfight:biped/skill/sweeping_edge",
    	        	"wom:biped/skill/solar_brasero_infierno",
			"wom:biped/combat/ruine_auto_4", 
    	        	"wom:biped/combat/solar_obscuridad_auto_4"
    ],
    "one_hand": [
			"epicfight:biped/combat/spear_twohand_auto1",	
			"epicfight:biped/combat/spear_twohand_auto2",
    	        	"wom:biped/combat/solar_obscuridad_auto_1",
			"epicfight:biped/combat/mob_spear_twohand3",
    	        	"wom:biped/skill/strong_punch",
    	        	"wom:biped/combat/agony_clawstrike",
    	        	"wom:biped/skill/agony_rising_eagle",
			"wom:biped/combat/katana_tsukuyomi",
			"wom:biped/combat/ruine_auto_4",
    	        	"wom:biped/combat/solar_obscuridad_auto_4"
    ]
  },
  "styles": {
    "default": "two_hand",
    "cases": [
      {
        "style": "one_hand",
        "conditions": [
          {
            "predicate": "epicfight:offhand_item_category",
            "category": "shield"
          }
        ]
      }
    ]
  },
  "category": "spear",
  "innate_skills": {
    "two_hand": "wom:agony_plunge",
    "one_hand": "epicfight:grasping_spire"
  }
}