{
  "collider": {
    "number": 3,
    "size": [
      0.4,
      0.4,
      0.4
    ],
    "center": [
      0.0,
      0.0,
      -0.35
    ]
  },
  "hit_particle": "epicfight:cut",
  "hit_sound": "epicfight:entity.hit.blunt",
  "livingmotion_modifier": {
    "common": {
		"aim": "epicfight:biped/combat/bow_aim_mid",
		"shot": "epicfight:biped/combat/bow_shot_mid",
    		"idle": "epicfight:biped/living/hold_spear",
    		"kneel": "epicfight:biped/living/hold_spear",
    		"walk": "epicfight:biped/living/walk_spear",
    		"chase": "epicfight:biped/living/run_spear",
    		"run": "epicfight:biped/living/run_spear",
    		"sneak": "epicfight:biped/living/hold_spear",
    		"swim": "epicfight:biped/living/hold_spear",
    		"float": "epicfight:biped/living/hold_spear",
    		"fall": "epicfight:biped/living/hold_spear"
    }
  },
  "offhand_item_compatible_predicate": [],
  "swing_sound": "cataclysm:axe_swing",
  "combos": {
    "common": [
			"wom:biped/combat/moonless_auto_1",
			"wom:biped/combat/staff_auto_2",
			"wom:biped/combat/torment_auto_1",
			"wom:biped/skill/ruine_counterattack",
    	        	"wom:biped/combat/moonless_crescent"
    ]
  },
  "styles": {
    "default": "common",
    "cases": [
      {
        "style": "common",
        "conditions": [
          {
            "predicate": "epicfight:offhand_item_category",
            "category": "shield"
          }
        ]
      }
    ]
  },
  "category": "sword",
  "innate_skills": {
    "common": "wom:agony_plunge"
  }
}