{
  "collider": {
    "number": 3,
    "size": [
      0.4,
      0.5,
      1.2
    ],
    "center": [
      0.0,
      -0.25,
      -0.75
    ]
  },
  "hit_particle": "wom:solar_obscuridad_polvora_hit",
  "hit_sound": "cataclysm:enderguardianattack",
  "livingmotion_modifier": {
    "two_hand": {
			"aim": "epicfight:biped/skill/guard_dualsword",
    		"idle": "epicfight:biped/living/hold_dual",
    		"kneel": "epicfight:biped/living/hold_dual",
    		"walk": "epicfight:biped/living/hold_dual",
    		"chase": "epicfight:biped/living/hold_dual",
    		"run": "epicfight:biped/living/hold_dual",
    		"sneak": "epicfight:biped/living/hold_dual",
    		"swim": "epicfight:biped/living/hold_dual",
    		"float": "epicfight:biped/living/hold_dual",
    		"fall": "epicfight:biped/living/hold_dual"
    },
    "one_hand": {
			"aim": "epicfight:biped/skill/guard_sword",
    		"idle": "wom:biped/living/herrscher_idle",
    		"kneel": "wom:biped/living/herrscher_idle",
    		"walk": "wom:biped/living/herrscher_walk",
    		"chase": "epicfight:biped/living/hold_dual",
    		"run": "wom:biped/living/herrscher_run",
    		"sneak": "epicfight:biped/living/hold_dual",
    		"swim": "epicfight:biped/living/hold_dual",
    		"float": "epicfight:biped/living/hold_dual",
    		"fall": "epicfight:biped/living/hold_dual"
    }
  },
  "offhand_item_compatible_predicate": [],
  "swing_sound": "cataclysm:maledictus_mace_swing",
  "combos": {
    "two_hand": [
			"epicfight:biped/combat/dagger_dual_auto2",
                        "wom:biped/skill/gezets_auto_2",
			"wom:biped/combat/herrscher_befreiung",
    	        	"wom:biped/combat/solar_obscuridad_auto_4",
			"epicfight:biped/combat/mob_sword_dual1",
			"epicfight:biped/combat/dagger_dual_auto4",
			"epicfight:biped/combat/mob_sword_dual3",
                        "wom:biped/skill/solar_brasero_obscuridad",
			"wom:biped/combat/agony_auto_3",
			"epicfight:biped/combat/mob_sword_dual3"
    ],
    "one_hand": [
			"epicfight:biped/combat/sword_auto1",
			"epicfight:biped/combat/sword_auto2",
			"epicfight:biped/combat/greatsword_dash",
			"wom:biped/combat/herrscher_befreiung",
    	        	"wom:biped/combat/solar_obscuridad_auto_4",
			"wom:biped/combat/agony_auto_3",
    	        	"epicfight:biped/combat/axe_airslash"
    ]
  },
  "styles": {
    "default": "one_hand",
    "cases": [
      {
        "style": "two_hand",
        "conditions": [
          {
            "predicate": "epicfight:offhand_item_category",
            "category": "sword"
          }
        ]
      }
    ]
  },
  "category": "sword",
  "innate_skills": {
    "two_hand": "wom:agony_plunge",
    "one_hand": "epicfight:the_guillotine"
  }
}