{
  "collider": {
    "number": 3,
    "size": [
      0.7,
      0.7,
      1.0
    ],
    "center": [
      0.0,
      0.0,
      -0.5
    ]
  },
  "hit_particle": "wom:solar_polvora_hit",
  "hit_sound": "minecraft:item.trident.thunder",
  "livingmotion_modifier": {
    "two_hand": {
		"block": "epicfight:biped/skill/guard_greatsword",
    		"idle": "wom:biped/living/torment_idle",
    		"walk": "wom:biped/living/torment_walk",
    		"kneel": "wom:biped/living/enderblaster_twohand_idle",
    		"chase": "wom:biped/living/agony_run",
    		"run": "wom:biped/living/torment_run",
    		"sneak": "wom:biped/living/enderblaster_twohand_idle",
    		"swim": "wom:biped/living/torment_idle",
    		"float": "wom:biped/living/torment_idle",
    		"fall": "wom:biped/living/torment_idle"
    },
    "one_hand": {
		"block": "wom:biped/skill/herrscher_guard",
    		"idle": "epicfight:enderman/rage_idle",
    		"walk": "wom:biped/living/enderblaster_twohand_idle",
    		"kneel": "wom:biped/living/enderblaster_twohand_idle",
    		"chase": "wom:biped/living/agony_run",
    		"run": "wom:biped/living/herrscher_run",
    		"sneak": "wom:biped/living/enderblaster_twohand_idle",
    		"swim": "wom:biped/living/enderblaster_twohand_idle",
    		"float": "wom:biped/living/enderblaster_twohand_idle",
    		"fall": "wom:biped/living/enderblaster_twohand_idle"
    },
    "ochs": {
		"aim": "wom:biped/skill/solar_guard",
    		"idle": "wom:biped/living/torment_berserk_idle",
    		"walk": "wom:biped/living/torment_berserk_walk",
    		"kneel": "wom:biped/living/torment_berserk_idle",
    		"chase": "wom:biped/living/agony_run",
    		"run": "wom:biped/living/torment_berserk_run",
    		"sneak": "wom:biped/living/torment_berserk_idle",
    		"swim": "wom:biped/living/torment_berserk_idle",
    		"float": "wom:biped/living/torment_berserk_idle",
    		"fall": "wom:biped/living/torment_berserk_idle"
    }
  },
  "offhand_item_compatible_predicate": [],
  "swing_sound": "cataclysm:monstrosityshoot",
  "combos": {
    "one_hand": [
			"epicfight:biped/combat/sword_dual_auto1",
			"epicfight:biped/combat/sword_dual_auto2",
			"epicfight:biped/combat/mob_sword_dual3",
			"wom:biped/skill/torment_berserk_convert",
			"epicfight:biped/combat/mob_sword_dual3",
    	        	"wom:biped/skill/solar_auto_2_polvora",
    	        	"wom:biped/skill/solar_auto_2_polvora",
    	        	"wom:biped/skill/solar_auto_2_polvora",
			"epicfight:biped/skill/guard_break1",
                        "epicfight:biped/combat/dagger_dual_auto2",
    	        	"epicfight:biped/combat/greatsword_airslash"
    ],
    "two_hand": [

			"wom:biped/combat/torment_auto_1",
			"wom:biped/combat/torment_auto_2",
			"wom:biped/combat/torment_auto_3",
    	        	"wom:biped/skill/strong_punch",
                        "epicfight:biped/combat/spear_twohand_auto1",
                        "epicfight:biped/combat/spear_twohand_auto2",
			"wom:biped/combat/torment_auto_4",
    	        	"wom:biped/skill/solar_auto_2_polvora",
    	        	"wom:biped/skill/solar_auto_2_polvora",
    	        	"wom:biped/skill/solar_auto_2_polvora",
			"epicfight:biped/skill/guard_break2",
                        "wom:biped/combat/solar_auto_2",
			"wom:biped/combat/torment_airslam"
    ],
    "ochs": [
                        "wom:biped/combat/solar_auto_4",
    	        	"wom:biped/skill/solar_auto_4_polvora",
                        "wom:biped/combat/solar_auto_4",
    	        	"wom:biped/skill/solar_auto_4_polvora",
			"wom:biped/combat/torment_charged_attack_1",
			"wom:biped/skill/torment_berserk_dash",
			"wom:biped/skill/torment_berserk_airslam"
    ]
  },
  "styles": {
    "default": "two_hand",
    "cases": [
      {
        "style": "ochs",
        "conditions": [
          {
            "predicate": "epicfight:skill_active",
            "skill": "wom:true_berserk"
          }
        ]
      },
      {
        "style": "one_hand",
        "conditions": [
          {
            "predicate": "epicfight:offhand_item_category",
            "category": "greatsword"
          }
        ]
      }
    ]
  },
  "category": "greatsword",
  "innate_skills": {
    "two_hand": "wom:true_berserk",
    "one_hand": "epicfight:the_guillotine",
    "ochs": "wom:true_berserk"
  }
}