{
  "collider": {
    "number": 3,
    "size": [
      0.4,
      0.4,
      1.6
    ],
    "center": [
      0.0,
      0.0,
      -0.35
    ]
  },
  "hit_particle": "epicfight:cut",
  "hit_sound": "epicfight:entity.hit.blade",
  "livingmotion_modifier": {
    "two_hand": {
		"block": "wom:biped/skill/enderblaster_twohand_aiming",
    		"idle": "wom:biped/living/enderblaster_twohand_idle",
    		"walk": "wom:biped/living/enderblaster_twohand_idle",
    		"kneel": "wom:biped/living/enderblaster_twohand_idle",
    		"chase": "wom:biped/living/agony_run",
    		"run": "wom:biped/living/herrscher_run",
    		"sneak": "wom:biped/living/enderblaster_twohand_idle",
    		"swim": "wom:biped/living/enderblaster_twohand_idle",
    		"float": "wom:biped/living/enderblaster_twohand_idle",
    		"fall": "wom:biped/living/enderblaster_twohand_idle"
    },
    "one_hand": {
		"block": "wom:biped/skill/enderblaster_onehand_aiming",
    		"idle": "wom:biped/living/enderblaster_twohand_idle",
    		"kneel": "wom:biped/living/enderblaster_twohand_idle",
    		"walk": "wom:biped/living/staff_idle",
    		"chase": "wom:biped/living/agony_run",
    		"run": "wom:biped/living/herrscher_run",
    		"sneak": "wom:biped/living/enderblaster_twohand_idle",
    		"swim": "wom:biped/living/enderblaster_twohand_idle",
    		"float": "wom:biped/living/enderblaster_twohand_idle",
    		"fall": "wom:biped/living/enderblaster_twohand_idle"
    }
  },
  "offhand_item_compatible_predicate": [],
  "swing_sound": "epicfight:entity.weapon.whoosh_hard",
  "combos": {
    "two_hand": [
			"epicfight:biped/combat/longsword_auto1",
    	        	"epicfight:biped/skill/sharp_stab",
			"epicfight:biped/skill/sweeping_edge",
	        	"epicfight:biped/skill/everlasting_allegiance_catch",
    	        	"wom:biped/skill/antitheus_shoot",
    	        	"wom:biped/skill/antitheus_shoot",
    	        	"wom:biped/skill/antitheus_shoot",
			"epicfight:biped/skill/guard_break1",
			"epicfight:biped/combat/spear_dash",
			"epicfight:biped/combat/greatsword_airslash"
    ],
    "one_hand": [
			"epicfight:biped/combat/longsword_auto1",
			"epicfight:biped/combat/mob_spear_twohand3", 
			"epicfight:biped/skill/rushing_tempo2",	
			"wom:biped/combat/torment_auto_1",
			"epicfight:biped/combat/mob_spear_twohand3",
			"epicfight:biped/combat/mob_greatsword1"
    ]
  },
  "styles": {
    "default": "one_hand",
    "cases": [
      {
        "style": "two_hand",
        "conditions": [
          {
            "predicate": "epicfight:offhand_item_category",
            "category": "greatsword"
          }
        ]
      }
    ]
  },
  "category": "tachi",
  "innate_skills": {
    "two_hand": "wom:ender_fusion",
    "one_hand": "epicfight:steel_whirlwind"
  }
}