{
  "collider": {
    "number": 3,
    "size": [
      0.4,
      0.4,
      1.6
    ],
    "center": [
      0.0,
      0.0,
      -0.35
    ]
  },
  "hit_particle": "epicfight:cut",
  "hit_sound": "epicfight:entity.hit.blade",
  "livingmotion_modifier": {
    "two_hand": {
		"block": "epicfight:biped/skill/guard_spear",
    		"idle": "epicfight:biped/living/hold_spear",
    		"kneel": "epicfight:biped/living/hold_spear",
    		"walk": "epicfight:biped/living/walk_spear",
    		"chase": "epicfight:biped/living/run_spear",
    		"run": "epicfight:biped/living/run_spear",
    		"sneak": "epicfight:biped/living/hold_spear",
    		"swim": "epicfight:biped/living/hold_spear",
    		"float": "epicfight:biped/living/hold_spear",
    		"fall": "epicfight:biped/living/hold_spear"
    },
    "one_hand": {
    		"idle": "wom:biped/living/enderblaster_twohand_idle",
    		"kneel": "wom:biped/living/enderblaster_twohand_idle",
    		"walk": "wom:biped/living/staff_idle",
    		"chase": "wom:biped/living/agony_run",
    		"run": "wom:biped/living/herrscher_run",
    		"sneak": "wom:biped/living/enderblaster_twohand_idle",
    		"swim": "wom:biped/living/enderblaster_twohand_idle",
    		"float": "wom:biped/living/enderblaster_twohand_idle",
    		"fall": "wom:biped/living/enderblaster_twohand_idle"
    }
  },
  "offhand_item_compatible_predicate": [],
  "swing_sound": "cataclysm:swingattack",
  "combos": {
    "two_hand": [
			"wom:biped/skill/torment_berserk_auto_1",
			"wom:biped/skill/torment_berserk_auto_2",
			"epicfight:biped/combat/mob_spear_twohand3", 
			"wom:biped/combat/agony_auto_4",
    	        	"wom:biped/combat/solar_quemadura",
			"wom:biped/combat/agony_auto_2"
    ],
    "one_hand": [
			"epicfight:biped/combat/sword_auto2",
			"epicfight:biped/combat/sword_dual_auto1", 
    	        	"wom:biped/combat/solar_obscuridad_auto_2",
			"wom:biped/combat/agony_auto_4",
    	        	"wom:biped/combat/solar_quemadura",
			"wom:biped/combat/agony_auto_3"
    ]
  },
  "styles": {
    "default": "two_hand",
    "cases": [
      {
        "style": "one_hand",
        "conditions": [
          {
            "predicate": "epicfight:offhand_item_category",
            "category": "shield"
          }
        ]
      }
    ]
  },
  "category": "spear",
  "innate_skills": {
    "two_hand": "epicfight:steel_whirlwind",
    "one_hand": "epicfight:grasping_spire"
  }
}