{
  "display": {
    "icon": {
      "item": "minecraft:redstone"
    },
    "title": {"text":"Blood n' Particles","color":"white"},
    "description": {"text":"Install the Blood n' Particles datapack","color":"red"},
    "background": "minecraft:textures/gui/advancements/backgrounds/husbandry.png",
    "frame": "goal",
    "show_toast": true,
    "announce_to_chat": false,
    "hidden": false
  },
  "criteria": {
    "requirement": {
      "trigger": "minecraft:tick"
    }
  },
  "rewards": {
    "function": "blood_n_particles:load"
  }
}
