{
    "type": "epicfight:ancient_remnent",
    "attributes": {
        "ochs": {
            "armor_negation": 10.0,
            "impact": 1.7,
	    "speed_bonus": -2.2,
	    "damage_bonus": 9.0,
            "max_strikes": 20
        },
        "two_hand": {
            "armor_negation": 10.0,
            "impact": 1.7,
	    "speed_bonus": -2.3,
	    "damage_bonus": 9.0,
            "max_strikes": 20
        },
        "one_hand": {
            "armor_negation": 10.0,
            "impact": 3.0,
	    "speed_bonus": -3.0,
	    "damage_bonus": 9.0,
            "max_strikes": 20
        }
    },
    "collider": {
        "number": 3,
        "center": [0.0, 0.0, -0.95],
        "size": [0.5, 0.5, 2.0]
    }
}